"","company","product_code","product_number","Fulladdress","name"
"1","phillips","p","5","The Netherlands, Arnhem, Groningensingel 147","dhr p. jansen"
"2","phillips","p","43","The Netherlands, Arnhem, Groningensingel 147","dhr p. hansen"
"3","philips","x","3","The Netherlands, Arnhem, Groningensingel 147","dhr j. Gansen"
"4","phllips","x","34","The Netherlands, Arnhem, Groningensingel 147","dhr p. mansen"
"5","phillps","x","12","The Netherlands, Arnhem, Groningensingel 147","dhr p. fransen"
"6","phillips","p","23","The Netherlands, Arnhem, Groningensingel 147","dhr p. franssen"
"7","akzo","v","43","The Netherlands, Arnhem, Groningensingel 147","dhr p. bansen"
"8","akzo","v","12","The Netherlands, Arnhem, Groningensingel 147","dhr p. vansen"
"9","akzo","x","5","The Netherlands, Arnhem, Groningensingel 147","dhr p. bransen"
"10","akz0","p","34","The Netherlands, Arnhem, Groningensingel 147","dhr p. janssen"
"11","ak zo","q","5","The Netherlands, Arnhem, Groningensingel 147","mevr l. rokken"
"12","akzo","q","9","The Netherlands, Arnhem, Groningensingel 147","mevr l. lokken"
"13","akzo","x","8","The Netherlands, Arnhem, Groningensingel 147","mevr l. mokken"
"14","phillips","p","56","The Netherlands, Arnhem, Groningensingel 147","mevr l. mokken"
"15","fillips","v","67","The Netherlands, Arnhem, Groningensingel 147","mevr l. mokken"
"16","phlips","v","21","The Netherlands, Arnhem, Groningensingel 147","mevr l. mokken"
"17","van houten","x","45","The Netherlands, Arnhem, Groningensingel 147","mevr l. sokken"
"18","van houten","v","56","The Netherlands, Arnhem, Groningensingel 147","mevr l. wokken"
"19","van houten","v","65","The Netherlands, Arnhem, Groningensingel 147","mevr l. kokken"
"20","van houten","x","21","The Netherlands, Arnhem, Groningensingel 147","mevr l. Bokken"
"21","van houten","p","23","The Netherlands, Arnhem, Groningensingel 147","mevr l. dokken"
"22","unilver","x","3","The Netherlands, Arnhem, Groningensingel 147","mevr l. gokken"
"23","unilever","q","4","The Netherlands, Arnhem, Groningensingel 147","mevr l. stokken"
"24","unilever","q","6","The Netherlands, Arnhem, Groningensingel 147","mevr l. rokken"
"25","unilever","q","8","The Netherlands, Arnhem, Groningensingel 147","mevr l. rokken"
